keyword	url
A-type Star	https://astro4edu.org/resources/glossary/term/1/
Absolute Magnitude	https://astro4edu.org/resources/glossary/term/2/
Absolute Zero	https://astro4edu.org/resources/glossary/term/3/
Absorption Line	https://astro4edu.org/resources/glossary/term/515/
Accelerating Universe	https://astro4edu.org/resources/glossary/term/4/
Accretion	https://astro4edu.org/resources/glossary/term/425/
Accretion Disk	https://astro4edu.org/resources/glossary/term/426/
Active Galactic Nucleus	https://astro4edu.org/resources/glossary/term/5/
Adaptive Optics	https://astro4edu.org/resources/glossary/term/427/
Alpha Centauri	https://astro4edu.org/resources/glossary/term/504/
Altitude	https://astro4edu.org/resources/glossary/term/6/
Andromeda	https://astro4edu.org/resources/glossary/term/7/
Andromeda Galaxy	https://astro4edu.org/resources/glossary/term/8/
Angular Diameter	https://astro4edu.org/resources/glossary/term/9/
Angular Resolution	https://astro4edu.org/resources/glossary/term/284/
Annual Parallax	https://astro4edu.org/resources/glossary/term/10/
Annular Solar Eclipse	https://astro4edu.org/resources/glossary/term/11/
Antarctic Circle	https://astro4edu.org/resources/glossary/term/489/
Antimatter	https://astro4edu.org/resources/glossary/term/12/
Aphelion	https://astro4edu.org/resources/glossary/term/13/
Apoapsis	https://astro4edu.org/resources/glossary/term/520/
Apoastron	https://astro4edu.org/resources/glossary/term/521/
Apogee	https://astro4edu.org/resources/glossary/term/519/
Apollo	https://astro4edu.org/resources/glossary/term/14/
Apparent Magnitude	https://astro4edu.org/resources/glossary/term/15/
Aquarius	https://astro4edu.org/resources/glossary/term/428/
Arctic Circle	https://astro4edu.org/resources/glossary/term/488/
Aries	https://astro4edu.org/resources/glossary/term/16/
Artificial Satellite	https://astro4edu.org/resources/glossary/term/293/
Asterism	https://astro4edu.org/resources/glossary/term/429/
Asteroid	https://astro4edu.org/resources/glossary/term/17/
Asteroid Belt	https://astro4edu.org/resources/glossary/term/18/
Asteroid Family	https://astro4edu.org/resources/glossary/term/19/
Astrobiology	https://astro4edu.org/resources/glossary/term/20/
Astrochemistry	https://astro4edu.org/resources/glossary/term/21/
Astrology	https://astro4edu.org/resources/glossary/term/22/
Astronaut	https://astro4edu.org/resources/glossary/term/23/
Astronomer	https://astro4edu.org/resources/glossary/term/24/
Astronomical Observatory	https://astro4edu.org/resources/glossary/term/25/
Astronomical Survey	https://astro4edu.org/resources/glossary/term/529/
Astronomical Unit	https://astro4edu.org/resources/glossary/term/26/
Astronomy	https://astro4edu.org/resources/glossary/term/27/
Astrophysics	https://astro4edu.org/resources/glossary/term/28/
Atmosphere	https://astro4edu.org/resources/glossary/term/29/
Atmospheric Extinction	https://astro4edu.org/resources/glossary/term/30/
Atom	https://astro4edu.org/resources/glossary/term/31/
Atomic Structure	https://astro4edu.org/resources/glossary/term/32/
Aurora	https://astro4edu.org/resources/glossary/term/33/
Aurora Australis	https://astro4edu.org/resources/glossary/term/510/
Aurora Borealis	https://astro4edu.org/resources/glossary/term/511/
Autumn	https://astro4edu.org/resources/glossary/term/401/
Autumn Equinox	https://astro4edu.org/resources/glossary/term/407/
Axis	https://astro4edu.org/resources/glossary/term/35/
Azimuth	https://astro4edu.org/resources/glossary/term/36/
B-type Star	https://astro4edu.org/resources/glossary/term/37/
Big Bang Nucleosynthesis	https://astro4edu.org/resources/glossary/term/430/
Big Bang Theory	https://astro4edu.org/resources/glossary/term/38/
Big Dipper	https://astro4edu.org/resources/glossary/term/39/
Binary Star	https://astro4edu.org/resources/glossary/term/40/
Binary System	https://astro4edu.org/resources/glossary/term/41/
Black Hole	https://astro4edu.org/resources/glossary/term/43/
Blackbody	https://astro4edu.org/resources/glossary/term/44/
Blackbody Radiation	https://astro4edu.org/resources/glossary/term/42/
Blueshift	https://astro4edu.org/resources/glossary/term/431/
Brightness	https://astro4edu.org/resources/glossary/term/45/
Brown Dwarf	https://astro4edu.org/resources/glossary/term/46/
Calendar	https://astro4edu.org/resources/glossary/term/47/
Cancer	https://astro4edu.org/resources/glossary/term/432/
Capricornus	https://astro4edu.org/resources/glossary/term/48/
Cataclysmic Variable	https://astro4edu.org/resources/glossary/term/507/
Celestial Body	https://astro4edu.org/resources/glossary/term/49/
Celestial Coordinates	https://astro4edu.org/resources/glossary/term/50/
Celestial Equator	https://astro4edu.org/resources/glossary/term/51/
Celestial Pole	https://astro4edu.org/resources/glossary/term/52/
Celestial Sphere	https://astro4edu.org/resources/glossary/term/53/
Cepheid Variable	https://astro4edu.org/resources/glossary/term/54/
Chromosphere	https://astro4edu.org/resources/glossary/term/55/
Circumpolar Stars	https://astro4edu.org/resources/glossary/term/56/
Cluster	https://astro4edu.org/resources/glossary/term/57/
Cluster of Galaxies	https://astro4edu.org/resources/glossary/term/58/
Color	https://astro4edu.org/resources/glossary/term/59/
Color Index	https://astro4edu.org/resources/glossary/term/60/
Comet	https://astro4edu.org/resources/glossary/term/62/
Comet Nucleus	https://astro4edu.org/resources/glossary/term/63/
Cometary Coma	https://astro4edu.org/resources/glossary/term/61/
Cometary Tail	https://astro4edu.org/resources/glossary/term/64/
Conjunction	https://astro4edu.org/resources/glossary/term/65/
Constellation	https://astro4edu.org/resources/glossary/term/66/
Convective Zone	https://astro4edu.org/resources/glossary/term/433/
Copernican Principle	https://astro4edu.org/resources/glossary/term/434/
Copernican Revolution	https://astro4edu.org/resources/glossary/term/67/
Corona	https://astro4edu.org/resources/glossary/term/68/
Coronal Mass Ejection (CME)	https://astro4edu.org/resources/glossary/term/505/
Cosmic Microwave Background (CMB)	https://astro4edu.org/resources/glossary/term/69/
Cosmic Ray	https://astro4edu.org/resources/glossary/term/70/
Cosmic Ray Astronomy	https://astro4edu.org/resources/glossary/term/435/
Cosmological Principle	https://astro4edu.org/resources/glossary/term/71/
Cosmology	https://astro4edu.org/resources/glossary/term/72/
Cosmos	https://astro4edu.org/resources/glossary/term/73/
Crater	https://astro4edu.org/resources/glossary/term/74/
Crescent Moon	https://astro4edu.org/resources/glossary/term/397/
Culmination	https://astro4edu.org/resources/glossary/term/532/
Dark Energy	https://astro4edu.org/resources/glossary/term/75/
Dark Matter	https://astro4edu.org/resources/glossary/term/76/
Dark Nebula	https://astro4edu.org/resources/glossary/term/77/
Day	https://astro4edu.org/resources/glossary/term/436/
Declination	https://astro4edu.org/resources/glossary/term/78/
Degree	https://astro4edu.org/resources/glossary/term/79/
Density	https://astro4edu.org/resources/glossary/term/80/
Disk	https://astro4edu.org/resources/glossary/term/81/
Disk Galaxy	https://astro4edu.org/resources/glossary/term/82/
Distance Ladder	https://astro4edu.org/resources/glossary/term/437/
Diurnal Motion	https://astro4edu.org/resources/glossary/term/83/
Doppler Effect	https://astro4edu.org/resources/glossary/term/84/
Double Star	https://astro4edu.org/resources/glossary/term/528/
Dust	https://astro4edu.org/resources/glossary/term/85/
Dust Cloud	https://astro4edu.org/resources/glossary/term/438/
Dwarf Galaxy	https://astro4edu.org/resources/glossary/term/86/
Dwarf Planet	https://astro4edu.org/resources/glossary/term/87/
Dwarf Star	https://astro4edu.org/resources/glossary/term/88/
Earth	https://astro4edu.org/resources/glossary/term/89/
Earth's Axis	https://astro4edu.org/resources/glossary/term/439/
Earth's Rotation	https://astro4edu.org/resources/glossary/term/90/
Earth-like Planet	https://astro4edu.org/resources/glossary/term/411/
Eccentricity	https://astro4edu.org/resources/glossary/term/395/
Eclipse	https://astro4edu.org/resources/glossary/term/91/
Eclipsing Binary	https://astro4edu.org/resources/glossary/term/508/
Ecliptic	https://astro4edu.org/resources/glossary/term/92/
Effective Temperature	https://astro4edu.org/resources/glossary/term/440/
Electric Field	https://astro4edu.org/resources/glossary/term/93/
Electromagnetic Force	https://astro4edu.org/resources/glossary/term/95/
Electromagnetic Radiation	https://astro4edu.org/resources/glossary/term/96/
Electron	https://astro4edu.org/resources/glossary/term/441/
Ellipse	https://astro4edu.org/resources/glossary/term/98/
Elliptical Galaxy	https://astro4edu.org/resources/glossary/term/99/
Emission Line	https://astro4edu.org/resources/glossary/term/516/
Energy	https://astro4edu.org/resources/glossary/term/100/
Energy Level	https://astro4edu.org/resources/glossary/term/101/
Equator	https://astro4edu.org/resources/glossary/term/102/
Equinox	https://astro4edu.org/resources/glossary/term/34/
Escape Velocity	https://astro4edu.org/resources/glossary/term/105/
Exoplanet	https://astro4edu.org/resources/glossary/term/106/
Extinction	https://astro4edu.org/resources/glossary/term/107/
Extraterrestrial Intelligence	https://astro4edu.org/resources/glossary/term/108/
Extraterrestrial Life	https://astro4edu.org/resources/glossary/term/109/
F-type Star	https://astro4edu.org/resources/glossary/term/110/
Frequency	https://astro4edu.org/resources/glossary/term/112/
Full Moon	https://astro4edu.org/resources/glossary/term/113/
Fusion	https://astro4edu.org/resources/glossary/term/114/
G-type Star	https://astro4edu.org/resources/glossary/term/442/
Galactic Bar	https://astro4edu.org/resources/glossary/term/443/
Galactic Bulge	https://astro4edu.org/resources/glossary/term/115/
Galactic Center	https://astro4edu.org/resources/glossary/term/116/
Galactic Disk	https://astro4edu.org/resources/glossary/term/117/
Galactic Halo	https://astro4edu.org/resources/glossary/term/118/
Galaxy	https://astro4edu.org/resources/glossary/term/119/
Galaxy Cluster	https://astro4edu.org/resources/glossary/term/120/
Galilean Satellites	https://astro4edu.org/resources/glossary/term/121/
Galilean Telescope	https://astro4edu.org/resources/glossary/term/122/
Gamma Ray	https://astro4edu.org/resources/glossary/term/123/
Gamma Ray Burst	https://astro4edu.org/resources/glossary/term/444/
Gas	https://astro4edu.org/resources/glossary/term/124/
Gas Cloud	https://astro4edu.org/resources/glossary/term/445/
Gas Giant	https://astro4edu.org/resources/glossary/term/125/
Gemini	https://astro4edu.org/resources/glossary/term/126/
Geocentric Model	https://astro4edu.org/resources/glossary/term/127/
Geomagnetic Storm	https://astro4edu.org/resources/glossary/term/128/
Giant Planet	https://astro4edu.org/resources/glossary/term/129/
Giant Star	https://astro4edu.org/resources/glossary/term/130/
Gibbous Moon	https://astro4edu.org/resources/glossary/term/398/
Global Warming	https://astro4edu.org/resources/glossary/term/131/
Globular Cluster	https://astro4edu.org/resources/glossary/term/132/
Granulation	https://astro4edu.org/resources/glossary/term/446/
Gravitational Constant	https://astro4edu.org/resources/glossary/term/133/
Gravitational Lens	https://astro4edu.org/resources/glossary/term/134/
Gravitational Waves	https://astro4edu.org/resources/glossary/term/447/
Gravity	https://astro4edu.org/resources/glossary/term/135/
Great Red Spot	https://astro4edu.org/resources/glossary/term/136/
Greenhouse Effect	https://astro4edu.org/resources/glossary/term/137/
Greenwich Mean Time Zone (GMT)	https://astro4edu.org/resources/glossary/term/138/
Habitable Zone	https://astro4edu.org/resources/glossary/term/139/
Half Moon	https://astro4edu.org/resources/glossary/term/399/
Halley's Comet	https://astro4edu.org/resources/glossary/term/140/
Halo	https://astro4edu.org/resources/glossary/term/448/
Heliocentric Model	https://astro4edu.org/resources/glossary/term/141/
Helium Fusion	https://astro4edu.org/resources/glossary/term/142/
Hertzsprung-Russell (HR) Diagram	https://astro4edu.org/resources/glossary/term/143/
Horizon	https://astro4edu.org/resources/glossary/term/145/
Horizontal Branch	https://astro4edu.org/resources/glossary/term/146/
Hour Angle	https://astro4edu.org/resources/glossary/term/147/
Hubble Diagram	https://astro4edu.org/resources/glossary/term/148/
Hubble Parameter	https://astro4edu.org/resources/glossary/term/413/
Hubble-Lemaitre Law	https://astro4edu.org/resources/glossary/term/414/
Hydrogen	https://astro4edu.org/resources/glossary/term/149/
Hydrogen Fusion	https://astro4edu.org/resources/glossary/term/150/
Hypothesis	https://astro4edu.org/resources/glossary/term/152/
Ice Giant	https://astro4edu.org/resources/glossary/term/153/
Impact Craters	https://astro4edu.org/resources/glossary/term/154/
Infrared (IR)	https://astro4edu.org/resources/glossary/term/155/
Infrared Astronomy	https://astro4edu.org/resources/glossary/term/156/
Infrared Telescope	https://astro4edu.org/resources/glossary/term/157/
Inner Planet	https://astro4edu.org/resources/glossary/term/449/
International Astronomical Union	https://astro4edu.org/resources/glossary/term/158/
International Date Line	https://astro4edu.org/resources/glossary/term/422/
Interstellar Extinction	https://astro4edu.org/resources/glossary/term/472/
Interstellar Medium	https://astro4edu.org/resources/glossary/term/450/
Io	https://astro4edu.org/resources/glossary/term/159/
Ion	https://astro4edu.org/resources/glossary/term/419/
Ionization	https://astro4edu.org/resources/glossary/term/160/
Ionosphere	https://astro4edu.org/resources/glossary/term/162/
Iron Meteorite	https://astro4edu.org/resources/glossary/term/163/
Irregular Galaxy	https://astro4edu.org/resources/glossary/term/164/
Isotope	https://astro4edu.org/resources/glossary/term/165/
Jupiter	https://astro4edu.org/resources/glossary/term/167/
K-type Star	https://astro4edu.org/resources/glossary/term/168/
Kepler's Laws	https://astro4edu.org/resources/glossary/term/169/
Kuiper Belt	https://astro4edu.org/resources/glossary/term/170/
Large Magellanic Cloud (LMC)	https://astro4edu.org/resources/glossary/term/499/
Latitude	https://astro4edu.org/resources/glossary/term/171/
Lens	https://astro4edu.org/resources/glossary/term/451/
Lenticular Galaxy	https://astro4edu.org/resources/glossary/term/452/
Leo	https://astro4edu.org/resources/glossary/term/172/
Libra	https://astro4edu.org/resources/glossary/term/173/
Light	https://astro4edu.org/resources/glossary/term/175/
Light Curve	https://astro4edu.org/resources/glossary/term/176/
Light Pollution	https://astro4edu.org/resources/glossary/term/177/
Light Year	https://astro4edu.org/resources/glossary/term/178/
Longitude	https://astro4edu.org/resources/glossary/term/179/
Lower Culmination	https://astro4edu.org/resources/glossary/term/534/
Luminosity	https://astro4edu.org/resources/glossary/term/180/
Luminosity Class	https://astro4edu.org/resources/glossary/term/503/
Lunar Calendar	https://astro4edu.org/resources/glossary/term/408/
Lunar Cycle	https://astro4edu.org/resources/glossary/term/423/
Lunar Eclipse	https://astro4edu.org/resources/glossary/term/181/
Lunar Phase	https://astro4edu.org/resources/glossary/term/182/
M-type Star	https://astro4edu.org/resources/glossary/term/453/
Magellanic Clouds	https://astro4edu.org/resources/glossary/term/454/
Magnetic Field	https://astro4edu.org/resources/glossary/term/455/
Magnetic Poles	https://astro4edu.org/resources/glossary/term/184/
Magnitude	https://astro4edu.org/resources/glossary/term/185/
Main Sequence	https://astro4edu.org/resources/glossary/term/186/
Major Axis	https://astro4edu.org/resources/glossary/term/187/
Mare	https://astro4edu.org/resources/glossary/term/456/
Mars	https://astro4edu.org/resources/glossary/term/189/
Mass	https://astro4edu.org/resources/glossary/term/190/
Matter	https://astro4edu.org/resources/glossary/term/191/
Mercury	https://astro4edu.org/resources/glossary/term/192/
Meridian	https://astro4edu.org/resources/glossary/term/193/
Messier Object	https://astro4edu.org/resources/glossary/term/194/
Metal	https://astro4edu.org/resources/glossary/term/457/
Meteorite	https://astro4edu.org/resources/glossary/term/196/
Meteoroid	https://astro4edu.org/resources/glossary/term/197/
Microwave Radiation	https://astro4edu.org/resources/glossary/term/198/
Milky Way	https://astro4edu.org/resources/glossary/term/199/
Minor Axis	https://astro4edu.org/resources/glossary/term/394/
Minor Planet	https://astro4edu.org/resources/glossary/term/200/
Mirror	https://astro4edu.org/resources/glossary/term/459/
Molecular Cloud	https://astro4edu.org/resources/glossary/term/517/
Molecule	https://astro4edu.org/resources/glossary/term/201/
Month	https://astro4edu.org/resources/glossary/term/202/
Moon	https://astro4edu.org/resources/glossary/term/203/
Moons	https://astro4edu.org/resources/glossary/term/204/
Nadir	https://astro4edu.org/resources/glossary/term/460/
Names of Stars	https://astro4edu.org/resources/glossary/term/208/
Nanometer	https://astro4edu.org/resources/glossary/term/209/
Navigation	https://astro4edu.org/resources/glossary/term/210/
Near-Earth Objects	https://astro4edu.org/resources/glossary/term/207/
Nebula	https://astro4edu.org/resources/glossary/term/211/
Neptune	https://astro4edu.org/resources/glossary/term/212/
Neutrino	https://astro4edu.org/resources/glossary/term/461/
Neutron	https://astro4edu.org/resources/glossary/term/213/
Neutron Star	https://astro4edu.org/resources/glossary/term/214/
New Moon	https://astro4edu.org/resources/glossary/term/215/
Newton's Laws of Motion	https://astro4edu.org/resources/glossary/term/216/
Night	https://astro4edu.org/resources/glossary/term/462/
North Celestial Pole (NCP)	https://astro4edu.org/resources/glossary/term/217/
North Pole	https://astro4edu.org/resources/glossary/term/496/
Nova	https://astro4edu.org/resources/glossary/term/219/
Nuclear Fission	https://astro4edu.org/resources/glossary/term/220/
Nuclear Fusion	https://astro4edu.org/resources/glossary/term/221/
Nucleon	https://astro4edu.org/resources/glossary/term/223/
Nucleus	https://astro4edu.org/resources/glossary/term/224/
O-type Star	https://astro4edu.org/resources/glossary/term/463/
Observable Universe	https://astro4edu.org/resources/glossary/term/225/
Observation	https://astro4edu.org/resources/glossary/term/226/
Observatory	https://astro4edu.org/resources/glossary/term/227/
Occultation	https://astro4edu.org/resources/glossary/term/464/
Oort Cloud	https://astro4edu.org/resources/glossary/term/465/
Open Cluster	https://astro4edu.org/resources/glossary/term/466/
Opposition	https://astro4edu.org/resources/glossary/term/228/
Optical Astronomy	https://astro4edu.org/resources/glossary/term/229/
Optical Telescope	https://astro4edu.org/resources/glossary/term/230/
Optics	https://astro4edu.org/resources/glossary/term/231/
Orbit	https://astro4edu.org/resources/glossary/term/232/
Orbital Period	https://astro4edu.org/resources/glossary/term/233/
Orion	https://astro4edu.org/resources/glossary/term/467/
Outer Planets	https://astro4edu.org/resources/glossary/term/234/
Outer Space	https://astro4edu.org/resources/glossary/term/235/
Ozone	https://astro4edu.org/resources/glossary/term/236/
Parallax	https://astro4edu.org/resources/glossary/term/237/
Parsec	https://astro4edu.org/resources/glossary/term/238/
Partial Lunar Eclipse	https://astro4edu.org/resources/glossary/term/239/
Partial Solar Eclipse	https://astro4edu.org/resources/glossary/term/240/
Particle	https://astro4edu.org/resources/glossary/term/241/
Particle Physics	https://astro4edu.org/resources/glossary/term/242/
Penumbra	https://astro4edu.org/resources/glossary/term/243/
Periapsis	https://astro4edu.org/resources/glossary/term/524/
Periastron	https://astro4edu.org/resources/glossary/term/522/
Perigee	https://astro4edu.org/resources/glossary/term/523/
Perihelion	https://astro4edu.org/resources/glossary/term/244/
Period	https://astro4edu.org/resources/glossary/term/245/
Phase	https://astro4edu.org/resources/glossary/term/247/
Photoelectric Effect	https://astro4edu.org/resources/glossary/term/248/
Photometry	https://astro4edu.org/resources/glossary/term/249/
Photon	https://astro4edu.org/resources/glossary/term/250/
Photosphere	https://astro4edu.org/resources/glossary/term/251/
Pisces	https://astro4edu.org/resources/glossary/term/252/
Planet	https://astro4edu.org/resources/glossary/term/253/
Planet Formation	https://astro4edu.org/resources/glossary/term/254/
Planetarium	https://astro4edu.org/resources/glossary/term/255/
Planetary Nebula	https://astro4edu.org/resources/glossary/term/256/
Planetary Science	https://astro4edu.org/resources/glossary/term/257/
Planetary System	https://astro4edu.org/resources/glossary/term/468/
Planetesimal	https://astro4edu.org/resources/glossary/term/418/
Plasma	https://astro4edu.org/resources/glossary/term/258/
Pleiades	https://astro4edu.org/resources/glossary/term/469/
Pluto	https://astro4edu.org/resources/glossary/term/259/
Polar Axis	https://astro4edu.org/resources/glossary/term/260/
Polar Circle	https://astro4edu.org/resources/glossary/term/424/
Polar Day	https://astro4edu.org/resources/glossary/term/491/
Polar Night	https://astro4edu.org/resources/glossary/term/492/
Polaris	https://astro4edu.org/resources/glossary/term/261/
Pre-main-sequence Star	https://astro4edu.org/resources/glossary/term/525/
Precession	https://astro4edu.org/resources/glossary/term/498/
Prime Meridian	https://astro4edu.org/resources/glossary/term/421/
Proton	https://astro4edu.org/resources/glossary/term/263/
Protoplanet	https://astro4edu.org/resources/glossary/term/416/
Protoplanetary Disk	https://astro4edu.org/resources/glossary/term/417/
Protostar	https://astro4edu.org/resources/glossary/term/264/
Proxima Centauri	https://astro4edu.org/resources/glossary/term/265/
Pulsar	https://astro4edu.org/resources/glossary/term/266/
Quarter Moon	https://astro4edu.org/resources/glossary/term/267/
Quasar	https://astro4edu.org/resources/glossary/term/268/
Radial Velocity	https://astro4edu.org/resources/glossary/term/269/
Radiative Zone	https://astro4edu.org/resources/glossary/term/271/
Radio Astronomy	https://astro4edu.org/resources/glossary/term/272/
Radio Telescope	https://astro4edu.org/resources/glossary/term/273/
Radio Waves	https://astro4edu.org/resources/glossary/term/274/
Rainbow	https://astro4edu.org/resources/glossary/term/275/
Red Dwarf	https://astro4edu.org/resources/glossary/term/276/
Red Giant	https://astro4edu.org/resources/glossary/term/277/
Red Supergiant	https://astro4edu.org/resources/glossary/term/278/
Reddening	https://astro4edu.org/resources/glossary/term/396/
Redshift	https://astro4edu.org/resources/glossary/term/471/
Reflecting Telescope	https://astro4edu.org/resources/glossary/term/279/
Refracting Telescope	https://astro4edu.org/resources/glossary/term/281/
Refraction	https://astro4edu.org/resources/glossary/term/282/
Resolution	https://astro4edu.org/resources/glossary/term/410/
Right Ascension (RA)	https://astro4edu.org/resources/glossary/term/286/
Ring	https://astro4edu.org/resources/glossary/term/287/
Roche Limit	https://astro4edu.org/resources/glossary/term/420/
Rocket	https://astro4edu.org/resources/glossary/term/288/
Rotation	https://astro4edu.org/resources/glossary/term/473/
Rover	https://astro4edu.org/resources/glossary/term/291/
RR Lyrae Star	https://astro4edu.org/resources/glossary/term/506/
Sagittarius	https://astro4edu.org/resources/glossary/term/474/
Sagittarius A*	https://astro4edu.org/resources/glossary/term/292/
Satellite	https://astro4edu.org/resources/glossary/term/412/
Saturn	https://astro4edu.org/resources/glossary/term/294/
Science	https://astro4edu.org/resources/glossary/term/295/
Scientific Method	https://astro4edu.org/resources/glossary/term/296/
Scientific Model	https://astro4edu.org/resources/glossary/term/297/
Scorpius	https://astro4edu.org/resources/glossary/term/299/
Seasons	https://astro4edu.org/resources/glossary/term/300/
Semi-Major Axis	https://astro4edu.org/resources/glossary/term/393/
Shadow	https://astro4edu.org/resources/glossary/term/475/
Shooting Star	https://astro4edu.org/resources/glossary/term/302/
Sidereal Day	https://astro4edu.org/resources/glossary/term/490/
Sidereal Time	https://astro4edu.org/resources/glossary/term/303/
Sirius	https://astro4edu.org/resources/glossary/term/304/
Sky	https://astro4edu.org/resources/glossary/term/305/
Sky Map	https://astro4edu.org/resources/glossary/term/306/
Small Magellanic Cloud (SMC)	https://astro4edu.org/resources/glossary/term/500/
Small Solar System Body	https://astro4edu.org/resources/glossary/term/513/
Solar Calendar	https://astro4edu.org/resources/glossary/term/409/
Solar Constant	https://astro4edu.org/resources/glossary/term/307/
Solar Cycle	https://astro4edu.org/resources/glossary/term/308/
Solar Day	https://astro4edu.org/resources/glossary/term/309/
Solar Eclipse	https://astro4edu.org/resources/glossary/term/310/
Solar Flare	https://astro4edu.org/resources/glossary/term/311/
Solar Mass	https://astro4edu.org/resources/glossary/term/312/
Solar Prominence	https://astro4edu.org/resources/glossary/term/313/
Solar System	https://astro4edu.org/resources/glossary/term/314/
Solar Wind	https://astro4edu.org/resources/glossary/term/315/
Solar Year	https://astro4edu.org/resources/glossary/term/316/
Solstice	https://astro4edu.org/resources/glossary/term/317/
South Celestial Pole (SCP)	https://astro4edu.org/resources/glossary/term/518/
South Pole	https://astro4edu.org/resources/glossary/term/497/
Southern Cross	https://astro4edu.org/resources/glossary/term/318/
Space	https://astro4edu.org/resources/glossary/term/319/
Space Debris	https://astro4edu.org/resources/glossary/term/320/
Space Station	https://astro4edu.org/resources/glossary/term/321/
Space Telescope	https://astro4edu.org/resources/glossary/term/322/
Space Weather	https://astro4edu.org/resources/glossary/term/323/
Spacecraft	https://astro4edu.org/resources/glossary/term/324/
Spectral Line	https://astro4edu.org/resources/glossary/term/514/
Spectral Type	https://astro4edu.org/resources/glossary/term/325/
Spectrograph	https://astro4edu.org/resources/glossary/term/326/
Spectroscopy	https://astro4edu.org/resources/glossary/term/327/
Spectrum	https://astro4edu.org/resources/glossary/term/328/
Spiral Arm	https://astro4edu.org/resources/glossary/term/415/
Spiral Galaxy	https://astro4edu.org/resources/glossary/term/330/
Spring	https://astro4edu.org/resources/glossary/term/400/
Spring Equinox	https://astro4edu.org/resources/glossary/term/406/
Standard Candle	https://astro4edu.org/resources/glossary/term/476/
Star	https://astro4edu.org/resources/glossary/term/331/
Star Cluster	https://astro4edu.org/resources/glossary/term/332/
Star Formation	https://astro4edu.org/resources/glossary/term/333/
Star Trail	https://astro4edu.org/resources/glossary/term/477/
Stellar Activity	https://astro4edu.org/resources/glossary/term/479/
Stellar Core	https://astro4edu.org/resources/glossary/term/478/
Stellar Evolution	https://astro4edu.org/resources/glossary/term/334/
Stellar Flare	https://astro4edu.org/resources/glossary/term/530/
Stellar Population	https://astro4edu.org/resources/glossary/term/336/
Stellar Remnants	https://astro4edu.org/resources/glossary/term/337/
Stellar Structure	https://astro4edu.org/resources/glossary/term/338/
Stellar Wind	https://astro4edu.org/resources/glossary/term/531/
Subdwarf Star	https://astro4edu.org/resources/glossary/term/480/
Subgiant Star	https://astro4edu.org/resources/glossary/term/481/
Submillimeter Astronomy	https://astro4edu.org/resources/glossary/term/482/
Summer	https://astro4edu.org/resources/glossary/term/402/
Summer Solstice	https://astro4edu.org/resources/glossary/term/341/
Sun	https://astro4edu.org/resources/glossary/term/342/
Sun Path (Day Arc)	https://astro4edu.org/resources/glossary/term/343/
Sundial	https://astro4edu.org/resources/glossary/term/344/
Sunspot	https://astro4edu.org/resources/glossary/term/345/
Sunspot Cycle	https://astro4edu.org/resources/glossary/term/346/
Supergiant Star	https://astro4edu.org/resources/glossary/term/347/
Supermassive Black Hole	https://astro4edu.org/resources/glossary/term/348/
Supernova	https://astro4edu.org/resources/glossary/term/349/
Supernova Remnant	https://astro4edu.org/resources/glossary/term/526/
Surface Brightness	https://astro4edu.org/resources/glossary/term/527/
T-Tauri Star	https://astro4edu.org/resources/glossary/term/350/
Taurus	https://astro4edu.org/resources/glossary/term/351/
Telescope	https://astro4edu.org/resources/glossary/term/352/
Temperature	https://astro4edu.org/resources/glossary/term/353/
Terrestrial Planet	https://astro4edu.org/resources/glossary/term/354/
Theory	https://astro4edu.org/resources/glossary/term/355/
Theory of General Relativity	https://astro4edu.org/resources/glossary/term/356/
Thermal Radiation	https://astro4edu.org/resources/glossary/term/358/
Tidal Force	https://astro4edu.org/resources/glossary/term/501/
Tidal Locking	https://astro4edu.org/resources/glossary/term/484/
Tide	https://astro4edu.org/resources/glossary/term/360/
Time	https://astro4edu.org/resources/glossary/term/361/
Time Zone	https://astro4edu.org/resources/glossary/term/362/
Titan	https://astro4edu.org/resources/glossary/term/363/
Total Lunar Eclipse	https://astro4edu.org/resources/glossary/term/364/
Total Solar Eclipse	https://astro4edu.org/resources/glossary/term/365/
Trans-Neptunian Object	https://astro4edu.org/resources/glossary/term/366/
Transit	https://astro4edu.org/resources/glossary/term/367/
Triton	https://astro4edu.org/resources/glossary/term/368/
Trojans	https://astro4edu.org/resources/glossary/term/369/
Tropic	https://astro4edu.org/resources/glossary/term/483/
Tropic of Cancer	https://astro4edu.org/resources/glossary/term/493/
Tropic of Capricorn	https://astro4edu.org/resources/glossary/term/494/
Tropical Year (Solar Year)	https://astro4edu.org/resources/glossary/term/370/
Tropics	https://astro4edu.org/resources/glossary/term/495/
Twilight	https://astro4edu.org/resources/glossary/term/509/
Ultraviolet	https://astro4edu.org/resources/glossary/term/371/
Umbra	https://astro4edu.org/resources/glossary/term/372/
Universal Time (UT)	https://astro4edu.org/resources/glossary/term/373/
Universe	https://astro4edu.org/resources/glossary/term/374/
Upper Culmination	https://astro4edu.org/resources/glossary/term/533/
Uranus	https://astro4edu.org/resources/glossary/term/375/
Vacuum	https://astro4edu.org/resources/glossary/term/376/
Variable Star	https://astro4edu.org/resources/glossary/term/485/
Venus	https://astro4edu.org/resources/glossary/term/377/
Virgo	https://astro4edu.org/resources/glossary/term/486/
Visible Spectrum	https://astro4edu.org/resources/glossary/term/378/
Waning Crescent	https://astro4edu.org/resources/glossary/term/379/
Waning Gibbous	https://astro4edu.org/resources/glossary/term/380/
Wave	https://astro4edu.org/resources/glossary/term/381/
Wavelength	https://astro4edu.org/resources/glossary/term/382/
Waxing Crescent	https://astro4edu.org/resources/glossary/term/383/
Waxing Gibbous	https://astro4edu.org/resources/glossary/term/384/
Weight	https://astro4edu.org/resources/glossary/term/385/
White Dwarf	https://astro4edu.org/resources/glossary/term/386/
Winter	https://astro4edu.org/resources/glossary/term/403/
Winter Solstice	https://astro4edu.org/resources/glossary/term/404/
X-ray	https://astro4edu.org/resources/glossary/term/487/
X-ray Astronomy	https://astro4edu.org/resources/glossary/term/387/
X-ray Telescope	https://astro4edu.org/resources/glossary/term/388/
Year	https://astro4edu.org/resources/glossary/term/389/
Yellow Dwarf	https://astro4edu.org/resources/glossary/term/502/
Zenith	https://astro4edu.org/resources/glossary/term/390/
Zodiac	https://astro4edu.org/resources/glossary/term/391/
Zodiacal Light	https://astro4edu.org/resources/glossary/term/392/
